Produit;Prix (EUR, par kg ou par L)
Spaghetti Boni 1kg;1,40
Riz long grain 1kg;2,00
Viande hachée pur bœuf 1kg;8,50
Tomates pelées 1kg;1,60
Oignons jaunes 1kg;1,50
Fromage râpé 1kg;7,00
Filet de poulet 1kg;7,50
Légumes surgelés 1kg;2,20
Lait de coco 1L;3,50
Pommes de terre 1kg;1,10
Saucisses 1kg;7,00
Carottes 1kg;1,20
Pain gris 1kg;2,50
Jambon cuit 1kg;12,00
Beurre 1kg;9,00
Confiture de fraises 1kg;3,50
Corn flakes 1kg;4,00
Lait demi-écrémé 1L;1,10
Pâte à tartiner 1kg;4,00
Sucre cristal 1kg;1,30
Steak végétarien 1kg;9,00
Viande hachée halal 1kg;11,00
Poulet halal 1kg;9,50
Saucisses halal 1kg;10,00
Jambon de dinde halal 1kg;14,00
Lait sans lactose 1L;1,60
Fromage râpé sans lactose 1kg;9,00
Margarine végétale 1kg;5,00
Dinde hachée 1kg;9,00
Pâtes sans gluten 1kg;6,00
Pain sans gluten 1kg;8,00
